{"cameraMode":{"drawMode":0,"name":"Shaded","section":"Shading Mode"},"sceneLighting":false,"audioPlay":false,"sceneViewState":{"showFog":true,"showMaterialUpdate":false,"showSkybox":true,"showFlares":true,"showImageEffects":true,"showParticleSystems":true},"in2DMode":false,"pivot":{"x":314.8525390625,"y":133.68777465820313,"z":-23.719940185546876},"rotation":{"x":-0.04978412017226219,"y":-0.01438339613378048,"z":0.0007185164140537381,"w":-0.9986562132835388},"size":782.7865600585938,"orthographic":false}