{"cameraMode":{"drawMode":0,"name":"Shaded","section":"Shading Mode"},"sceneLighting":false,"audioPlay":false,"sceneViewState":{"showFog":true,"showMaterialUpdate":false,"showSkybox":true,"showFlares":true,"showImageEffects":true,"showParticleSystems":true},"in2DMode":false,"pivot":{"x":290.6077575683594,"y":96.57605743408203,"z":11.251191139221192},"rotation":{"x":0.02518623322248459,"y":0.009594984352588654,"z":0.0002432812179904431,"w":-0.999636709690094},"size":402.0075378417969,"orthographic":false}