{"cameraMode":{"drawMode":0,"name":"Shaded","section":"Shading Mode"},"sceneLighting":false,"audioPlay":false,"sceneViewState":{"showFog":true,"showMaterialUpdate":false,"showSkybox":true,"showFlares":true,"showImageEffects":true,"showParticleSystems":true},"in2DMode":false,"pivot":{"x":455.25726318359377,"y":219.17967224121095,"z":0.0},"rotation":{"x":-0.004809303674846888,"y":0.014097584411501885,"z":-0.00006551967089762911,"w":-0.999889075756073},"size":869.1815185546875,"orthographic":false}