{"cameraMode":{"drawMode":0,"name":"Shaded","section":"Shading Mode"},"sceneLighting":false,"audioPlay":false,"sceneViewState":{"showFog":true,"showMaterialUpdate":false,"showSkybox":true,"showFlares":true,"showImageEffects":true,"showParticleSystems":true},"in2DMode":false,"pivot":{"x":331.75726318359377,"y":110.17967224121094,"z":0.0},"rotation":{"x":-0.04978411644697189,"y":-0.014383395202457905,"z":0.0007185163558460772,"w":-0.998656153678894},"size":1734.043212890625,"orthographic":false}